{"cameraMode":{"drawMode":0,"name":"Shaded","section":"Shading Mode"},"sceneLighting":true,"audioPlay":false,"sceneViewState":{"showFog":true,"showMaterialUpdate":true,"showSkybox":true,"showFlares":true,"showImageEffects":true,"showParticleSystems":true},"in2DMode":false,"pivot":{"x":-19.94990348815918,"y":92.01273345947266,"z":52.1071891784668},"rotation":{"x":0.3745420277118683,"y":-0.46290552616119387,"z":0.22360612452030183,"w":0.7721017003059387},"size":287.7640075683594,"orthographic":false}